Workbook

Sheet 요약
A1: 지점 | B1: 주문 건수 | C1: 금액 합계
A2: 서울 | B2: =COUNTIF(데이터!C2:C31,A2) -> 6 | C2: =SUMIF(데이터!C2:C31,A2,데이터!G2:G31) -> 9340000
A3: 부산 | B3: =COUNTIF(데이터!C2:C31,A3) -> 7 | C3: =SUMIF(데이터!C2:C31,A3,데이터!G2:G31) -> 6260000
A4: 대구 | B4: =COUNTIF(데이터!C2:C31,A4) -> 6 | C4: =SUMIF(데이터!C2:C31,A4,데이터!G2:G31) -> 9740000
A5: 광주 | B5: =COUNTIF(데이터!C2:C31,A5) -> 4 | C5: =SUMIF(데이터!C2:C31,A5,데이터!G2:G31) -> 1880000
A6: 대전 | B6: =COUNTIF(데이터!C2:C31,A6) -> 7 | C6: =SUMIF(데이터!C2:C31,A6,데이터!G2:G31) -> 9760000

Sheet 데이터
A1: 주문번호 | B1: 주문일 | C1: 지점 | D1: 품목 | E1: 수량 | F1: 단가 | G1: 금액
A2: A0001 | B2: 46146 | C2: 대전 | D2: 모니터 | E2: 3 | F2: 300000 | G2: =E2*F2 -> 900000
A3: A0002 | B3: 46185 | C3: 대전 | D3: 도킹스테이션 | E3: 6 | F3: 220000 | G3: =E3*F3 -> 1320000
A4: A0003 | B4: 46113 | C4: 대구 | D4: 키보드 | E4: 9 | F4: 80000 | G4: =E4*F4 -> 720000
A5: A0004 | B5: 46102 | C5: 부산 | D5: 도킹스테이션 | E5: 7 | F5: 220000 | G5: =E5*F5 -> 1540000
A6: A0005 | B6: 46083 | C6: 광주 | D6: 마우스 | E6: 5 | F6: 40000 | G6: =E6*F6 -> 200000
A7: A0006 | B7: 46192 | C7: 서울 | D7: 마우스 | E7: 6 | F7: 40000 | G7: =E7*F7 -> 240000
A8: A0007 | B8: 46103 | C8: 대전 | D8: 도킹스테이션 | E8: 7 | F8: 220000 | G8: =E8*F8 -> 1540000
A9: A0008 | B9: 46074 | C9: 대구 | D9: 마우스 | E9: 10 | F9: 40000 | G9: =E9*F9 -> 400000
A10: A0009 | B10: 46051 | C10: 서울 | D10: 키보드 | E10: 4 | F10: 80000 | G10: =E10*F10 -> 320000
A11: A0010 | B11: 46035 | C11: 광주 | D11: 노트북 | E11: 1 | F11: 1200000 | G11: =E11*F11 -> 1200000
A12: A0011 | B12: 46053 | C12: 대구 | D12: 키보드 | E12: 7 | F12: 80000 | G12: =E12*F12 -> 560000
A13: A0012 | B13: 46056 | C13: 광주 | D13: 마우스 | E13: 2 | F13: 40000 | G13: =E13*F13 -> 80000
... A31: A0030 | B31: 46079 | C31: 광주 | D31: 키보드 | E31: 5 | F31: 80000 | G31: =E31*F31 -> 400000

Sheet 설명
A1: 이 파일은 BI-Wizard Gate ④ 가져오기 시험용 합성 샘플입니다.
A2: 시트 구성: 요약(수식으로 데이터 시트 집계), 데이터(주문 30건), 설명(이 시트).
A3: 가져오기 마법사는 시트 목록을 보여 주고 사용자가 한 시트를 고르게 해야 합니다.
